Date,Buy Rate (LKR),Sell Rate (LKR)
2024-09-24,299.7192,309.085
2024-09-23,300.18,309.2836
2024-09-20,299.9417,309.2309
2024-09-19,299.2026,308.5712
2024-09-18,297.7271,307.0166
2024-09-13,296.4599,305.778
2024-09-12,296.4174,305.6915
2024-09-11,296.0824,305.3639
2024-09-10,296.9231,306.3564
2024-09-09,294.5968,303.8148
2024-09-06,294.1826,303.3974
2024-09-05,294.366,303.5903
2024-09-04,294.4895,303.7063
2024-09-03,294.6561,303.8345
2024-09-02,294.7836,303.8481
2024-08-30,295.3866,304.5824
2024-08-29,295.9008,305.1266
2024-08-28,295.8172,305.0549
2024-08-27,296.368,305.6146
2024-08-26,295.3731,304.6485
2024-08-23,296.5514,305.8076
2024-08-22,295.7249,305.0419
2024-08-21,295.2072,304.4523
2024-08-20,294.3604,303.5775
2024-08-16,294.316,303.5267
2024-08-15,294.5113,303.7761
2024-08-14,294.5495,303.82
2024-08-13,295.0812,304.2751
2024-08-12,295.4154,304.6641
2024-08-09,296.286,305.4598
2024-08-08,297.0104,306.2824
2024-08-07,297.5065,306.7677
2024-08-06,297.6981,306.9872
2024-08-05,297.339,306.6515
2024-08-02,297.643,306.9317
2024-08-01,297.7928,307.0819
2024-07-31,297.8582,307.1744
2024-07-30,298.0989,307.3942
2024-07-29,298.485,307.7765
2024-07-26,298.7131,307.9537
2024-07-25,298.9498,308.2486
2024-07-24,299.0799,308.3906
2024-07-23,299.2958,308.5447
2024-07-22,298.8995,308.1989
2024-07-19,299.235,308.5317
2024-07-18,299.2042,308.5274
2024-07-17,299.1543,308.463
2024-07-16,297.7381,307.0529
2024-07-15,297.1963,306.4074
2024-07-12,298.2749,307.4603
2024-07-11,299.0467,308.3411
2024-07-10,299.2616,308.5052
2024-07-09,299.791,309.1277
2024-07-08,300.0255,309.2202
2024-07-05,300.0612,309.3025
2024-07-04,299.6873,308.9221
2024-07-03,298.7262,308.1754
2024-07-02,300.3979,309.6342
2024-07-01,301.3772,310.6444
2024-06-28,301.0183,310.3533
2024-06-27,300.6997,309.8352
2024-06-26,300.526,309.7877
2024-06-25,300.5423,309.8056
2024-06-24,300.5658,309.8847
2024-06-20,300.6388,310.0538
2024-06-19,300.2063,309.6304
2024-06-18,299.3132,308.6531
2024-06-14,299.0423,308.5156
2024-06-13,299.0081,308.4819
2024-06-12,298.7951,308.2634
2024-06-11,298.4565,308.0019
2024-06-10,297.9364,307.5273
2024-06-07,297.8373,307.4417
2024-06-06,297.5664,307.0499
2024-06-05,297.293,306.8807
2024-06-04,297.1489,306.8239
2024-06-03,297.0726,306.67
2024-05-31,296.9774,306.5863
2024-05-30,296.8721,306.4863
2024-05-29,296.83,306.4442
2024-05-28,295.8074,305.4195
2024-05-27,295.3789,304.9953
2024-05-22,294.8231,304.4801
2024-05-21,294.7827,304.3151
2024-05-20,294.9261,304.5972
2024-05-17,295.8026,305.1511
2024-05-16,297.3178,307.0361
2024-05-15,296.7431,306.428
2024-05-14,295.6765,305.2385
2024-05-13,294.1501,303.7846
2024-05-10,293.7297,303.384
2024-05-09,293.8242,303.3789
2024-05-08,294.3822,303.9272
2024-05-07,293.8542,303.0127
2024-05-06,292.0793,302.304
2024-05-03,292.129,301.9031
2024-05-02,292.6868,302.3542
2024-04-30,293.4489,302.76
2024-04-29,291.5224,300.9597
2024-04-26,291.877,301.2928
2024-04-25,292.7078,302.5848
2024-04-24,295.4376,305.393
2024-04-22,297.0024,306.4586
2024-04-19,296.8792,306.5961
2024-04-18,296.903,306.4145
2024-04-17,295.28,305.1931
2024-04-16,294.2057,303.5476
2024-04-15,293.7979,303.2586
2024-04-10,293.6852,303.3335
2024-04-09,294.0863,303.4415
2024-04-08,294.3442,303.8976
2024-04-05,294.9271,304.2846
2024-04-04,295.0963,304.5631
2024-04-03,295.2486,304.6043
2024-04-02,295.2015,304.9073
2024-04-01,295.575,305.1018
2024-03-28,295.5429,305.3339
2024-03-27,296.7631,306.3453
2024-03-26,297.6319,307.3326
2024-03-25,298.4579,307.9921
2024-03-22,298.9909,308.6902
2024-03-21,299.0465,308.8069
2024-03-20,299.1361,308.7249
2024-03-19,299.294,308.9065
2024-03-18,300.0562,309.6749
2024-03-15,300.6026,310.2053
2024-03-14,301.013,310.6428
2024-03-13,301.7622,311.0041
2024-03-12,302.0716,311.45
2024-03-11,302.6227,311.9825
2024-03-07,303.0947,312.4368
2024-03-06,302.9735,312.6086
2024-03-05,303.0472,312.6876
2024-03-04,303.8123,313.4131
2024-03-01,304.7116,314.2362
2024-02-29,305.1682,314.8771
2024-02-28,305.5624,315.2986
2024-02-27,306.0623,315.7299
2024-02-26,306.0865,315.8517
2024-02-22,306.5399,316.0679
2024-02-21,307.1414,316.8174
2024-02-20,307.3445,317.1692
2024-02-19,307.4708,317.2903
2024-02-16,307.7043,317.762
2024-02-15,308.2195,318.0679
2024-02-14,308.2669,318.1678
2024-02-13,308.5844,318.4655
2024-02-12,308.199,317.8272
2024-02-09,308.3194,318.2311
2024-02-08,308.4949,318.5839
2024-02-07,308.5698,318.6869
2024-02-06,307.7464,317.6567
2024-02-05,307.7088,317.2528
2024-02-02,307.1762,316.9979
2024-02-01,310.5415,320.4082
2024-01-31,312.0964,321.8542
2024-01-30,312.818,322.7398
2024-01-29,312.6759,322.7716
2024-01-26,313.1731,323.1775
2024-01-24,314.9824,324.7787
2024-01-23,315.0324,324.8287
2024-01-22,315.5076,325.3792
2024-01-19,315.9284,326.06
2024-01-18,316.0759,325.6904
2024-01-17,316.7872,326.4384
2024-01-16,317.3574,327.189
2024-01-12,317.7976,327.3582
2024-01-11,318.0763,327.6431
2024-01-10,317.8334,327.5427
2024-01-09,317.7816,327.4005
2024-01-08,317.7764,327.4478
2024-01-05,317.7632,327.461
2024-01-04,317.76,327.3976
2024-01-03,316.9955,326.6933
2024-01-02,316.9283,326.8587
2024-01-01,319.2318,328.7784
2023-12-29,319.1762,328.7784
2023-12-28,319.1454,328.8731
2023-12-27,320.5347,330.3827
2023-12-22,321.4635,331.3071
2023-12-21,321.9202,331.4997
2023-12-20,321.894,331.7038
2023-12-19,321.9259,331.6405
2023-12-18,321.9469,331.6089
2023-12-15,321.694,331.5038
2023-12-14,322.2364,331.4772
2023-12-13,321.7707,331.6167
2023-12-12,322.2493,332.328
2023-12-11,322.185,332.3764
2023-12-08,321.8364,331.6615
2023-12-07,321.8784,331.7826
2023-12-06,322.6889,333.0711
2023-12-05,323.0041,333.2059
2023-12-04,322.8933,333.3213
2023-12-01,322.9017,333.2383
2023-11-30,323.4672,333.4564
2023-11-29,324.1526,334.2295
2023-11-28,324.1133,334.1117
2023-11-27,323.6397,333.7056
2023-11-24,323.5585,333.7448
2023-11-23,323.5119,333.7081
2023-11-22,323.4758,333.6609
2023-11-21,323.0561,333.1445
2023-11-20,322.7982,333.2023
2023-11-17,322.8376,333.2524
2023-11-16,323.3533,333.6636
2023-11-15,322.583,332.9839
2023-11-14,321.714,332.366
2023-11-13,322.1205,332.478
2023-11-10,322.4014,332.776
2023-11-09,323.1579,333.6374
2023-11-08,322.5072,332.7923
2023-11-07,321.5916,331.9647
2023-11-06,323.9491,334.4083
2023-11-03,323.6552,334.138
2023-11-02,322.4404,333.4354
2023-11-01,322.3488,332.6334
2023-10-31,322.1725,332.5096
2023-10-30,321.706,332.4987
2023-10-27,321.5495,332.0178
2023-10-26,321.3904,331.9361
2023-10-25,321.7067,332.565
2023-10-24,320.8134,331.3956
2023-10-23,320.3297,331.005
2023-10-20,319.6489,330.4162
2023-10-19,319.2969,329.8115
2023-10-18,318.9233,329.543
2023-10-17,318.279,329.4189
2023-10-16,318.1713,328.8534
2023-10-13,318.0872,328.8218
2023-10-12,318.0688,328.8289
2023-10-11,318.0267,328.7869
2023-10-10,317.9102,328.7491
2023-10-09,318.305,328.935
2023-10-06,318.2819,328.9108
2023-10-05,318.2266,328.9081
2023-10-04,318.1004,328.9126
2023-10-03,318.3187,329.0008
2023-10-02,318.2787,329.0139
2023-09-27,318.2642,328.9001
2023-09-26,318.7387,329.8014
2023-09-25,318.7387,329.7702
2023-09-22,318.5188,329.5513
2023-09-21,318.9021,329.9016
2023-09-20,318.6982,329.9359
2023-09-19,318.263,329.6034
2023-09-18,317.6039,328.8363
2023-09-15,317.5436,328.8809
2023-09-14,318.0857,329.5704
2023-09-13,316.7737,328.5308
2023-09-12,316.5407,327.9261
2023-09-11,316.2925,327.6048
2023-09-08,316.3124,327.9947
2023-09-07,316.2754,328.0638
2023-09-06,315.934,327.5101
2023-09-05,314.8702,326.653
2023-09-04,313.9388,326.2837
2023-09-01,314.1999,325.8676
2023-08-31,315.3357,326.9396
2023-08-29,317.8342,329.5445
2023-08-28,317.9628,329.5226
2023-08-25,317.8017,329.6392
2023-08-24,317.4823,329.8198
2023-08-23,317.4681,329.8616
2023-08-22,316.9953,329.7506
2023-08-21,316.7286,329.597
2023-08-18,316.2866,329.4982
2023-08-17,314.7805,327.8749
2023-08-16,314.4528,327.8235
2023-08-15,314.7214,328.0221
2023-08-14,313.9936,326.8853
2023-08-11,313.7834,326.9576
2023-08-10,313.6129,326.7861
2023-08-09,314.947,327.522
2023-08-08,315.1109,328.6038
2023-08-07,315.0574,328.5784
2023-08-04,312.5592,326.658
2023-08-03,308.6091,322.2084
2023-08-02,309.7055,322.6856
2023-07-31,322.9613,335.4036
2023-07-28,322.6693,335.6506
2023-07-27,322.8497,335.8919
2023-07-26,323.6966,337.1774
2023-07-25,323.0392,336.1624
2023-07-24,321.1045,334.5576
2023-07-21,318.7256,331.9854
2023-07-20,316.3078,330.2942
2023-07-19,315.2616,328.9299
2023-07-18,314.9592,328.6534
2023-07-17,313.2921,327.1641
2023-07-14,310.4938,324.6783
2023-07-13,308.1626,321.8765
2023-07-12,306.1518,320.6817
2023-07-11,305.1317,319.3229
2023-07-10,304.0216,318.2388
2023-07-07,302.6459,317.0914
2023-07-06,300.0054,315.1016
2023-07-05,298.898,313.668
2023-07-04,299.8709,314.9879
2023-06-28,301.159,316.6728
2023-06-27,301.3255,316.7243
2023-06-26,299.8333,314.9261
2023-06-23,299.0378,314.365
2023-06-22,298.5485,314.963
2023-06-21,298.4708,314.4947
2023-06-20,297.2877,314.3802
2023-06-19,297.5388,315.1281
2023-06-16,300.5194,319.66
2023-06-15,311.6057,328.9272
2023-06-14,303.1925,318.9974
2023-06-13,294.9114,309.2237
2023-06-12,290.0692,303.7392
2023-06-09,288.0867,301.1291
2023-06-08,285.69,298.9191
2023-06-07,285.5677,298.4378
2023-06-06,284.8487,297.9434
2023-06-05,285.6164,298.8583
2023-06-02,287.4258,300.3287
2023-06-01,283.8763,297.2316
2023-05-31,287.8711,300.921
2023-05-30,290.6745,303.9548
2023-05-29,289.8986,303.264
2023-05-26,295.6297,308.5472
2023-05-25,297.6055,310.9562
2023-05-24,297.9878,311.2316
2023-05-23,299.1941,312.3359
2023-05-22,299.7149,313.8244
2023-05-19,300.6519,314.0848
2023-05-18,299.2144,312.3715
2023-05-17,302.4257,316.188
2023-05-16,305.4335,318.7965
2023-05-15,306.1892,319.9619
2023-05-12,306.3886,320.0375
2023-05-11,308.6645,322.7018
2023-05-10,310.9048,324.8084
2023-05-09,311.0091,325.9516
2023-05-08,312.1955,326.3198
2023-05-04,312.5034,326.6292
2023-05-03,313.0513,327.9562
2023-05-02,313.7362,328.4158
2023-04-28,313.9239,328.7514
2023-04-27,313.8324,328.7701
2023-04-26,313.4509,328.6723
2023-04-25,313.2667,328.5407
2023-04-24,313.3347,328.4847
2023-04-21,313.0593,328.5152
2023-04-20,313.1292,327.8921
2023-04-19,312.9164,327.7272
2023-04-18,312.4139,327.4612
2023-04-17,312.0717,327.0215
2023-04-12,311.5607,327.1787
2023-04-11,311.4414,327.6693
2023-04-10,311.6379,327.7229
2023-04-06,313.2952,330.5619
2023-04-04,313.3744,330.5038
2023-04-03,316.7511,334.2094
2023-03-31,318.277,336.0123
2023-03-30,317.7257,335.411
2023-03-29,315.7075,333.4925
2023-03-28,315.8454,332.8711
2023-03-27,314.825,332.5841
2023-03-24,314.7491,331.3791
2023-03-23,311.2617,328.6083
2023-03-22,312.6153,330.1625
2023-03-21,316.8483,334.9328
2023-03-20,331.7174,349.8726
2023-03-17,332.2035,350.2275
2023-03-16,329.0282,346.3312
2023-03-15,327.5998,344.6634
2023-03-14,319.8479,335.6887
2023-03-13,311.8237,328.8699
2023-03-10,311.6269,328.9042
2023-03-09,307.3635,325.5218
2023-03-08,313.7749,331.0583
2023-03-07,318.3051,335.7502
2023-03-03,334.5016,348.0322
2023-03-02,343.9719,356.7393
2023-03-01,351.7219,362.9543
2023-02-28,357.6822,366.9212
2023-02-27,358.3621,367.9284
2023-02-24,358.7244,368.7702
2023-02-23,359.0062,368.5292
2023-02-22,359.3576,368.6063
2023-02-21,359.9702,369.3116
2023-02-20,359.4464,369.5636
2023-02-17,359.4766,369.6666
2023-02-16,359.5764,369.8164
2023-02-15,359.6092,369.8892
2023-02-14,359.6455,369.9523
2023-02-13,359.4698,369.9592
2023-02-10,359.0735,370.2484
2023-02-09,359.4009,370.2786
2023-02-08,359.4792,370.3547
2023-02-07,360.0937,370.2611
2023-02-06,359.9968,370.1832
2023-02-03,360.2903,370.3529
2023-02-02,360.4101,371.0331
2023-02-01,360.4935,371.3942
2023-01-31,360.4879,371.3887
2023-01-30,360.4501,371.3035
2023-01-27,360.4879,371.3887
2023-01-26,360.4879,371.3887
2023-01-25,360.4912,371.3909
2023-01-24,360.4912,371.3909
2023-01-23,360.5496,371.3845
2023-01-20,360.5513,371.3915
2023-01-19,360.5572,371.3916
2023-01-18,360.4102,371.4781
2023-01-17,360.4102,371.4781
2023-01-13,360.3991,371.4665
2023-01-12,360.3935,371.4609
2023-01-11,360.4722,371.3646
2023-01-10,360.0599,371.3989
2023-01-09,359.9474,371.5491
2023-01-05,359.9741,371.5724
2023-01-04,359.9741,371.5724
2023-01-03,360.2221,371.5921
2023-01-02,360.4081,371.6068
2022-12-30,360.4081,371.6068
2022-12-29,360.4206,371.6168
2022-12-28,360.4206,371.6168
2022-12-27,360.3893,371.5893
2022-12-23,360.8986,371.7819
2022-12-22,361.0871,371.6613
2022-12-21,361.0847,371.7127
2022-12-20,361.0847,371.6601
2022-12-19,361.1973,371.7191
2022-12-16,361.1973,371.7191
2022-12-15,361.1973,371.7191
2022-12-14,361.1973,371.7191
2022-12-13,361.1973,371.7191
2022-12-12,361.1973,371.7191
2022-12-09,361.3026,371.7191
2022-12-08,361.3026,371.7191
2022-12-06,361.3026,371.7191
2022-12-05,361.3026,371.7191
2022-12-02,361.2537,371.7222
2022-12-01,361.2537,371.7275
2022-11-30,361.2484,371.7222
2022-11-29,361.2379,371.717
2022-11-28,360.2922,371.2929
2022-11-25,360.2922,371.2929
2022-11-24,360.9919,371.8325
2022-11-23,360.9919,371.8325
2022-11-22,360.9919,371.8325
2022-11-21,360.9919,371.8325
2022-11-18,360.9919,371.8325
2022-11-17,360.9919,371.8325
2022-11-16,360.984,371.7757
2022-11-15,360.9682,371.7599
2022-11-14,360.9682,371.7599
2022-11-11,360.9682,371.7599
2022-11-10,360.9682,371.7599
2022-11-09,360.9682,371.7599
2022-11-08,360.8893,371.6809
2022-11-04,360.8893,371.6809
2022-11-03,360.7631,371.565
2022-11-02,360.7104,371.5123
2022-11-01,360.6578,371.4597
2022-10-31,360.6537,371.2103
2022-10-28,360.6345,371.2296
2022-10-27,360.6537,371.2103
2022-10-26,360.6537,371.2103
2022-10-25,360.7106,371.2612
2022-10-21,360.7312,371.2425
2022-10-20,360.5935,371.1179
2022-10-19,360.4507,370.975
2022-10-18,360.4084,370.9316
2022-10-17,360.3548,370.8637
2022-10-14,359.8172,370.7183
2022-10-13,359.6987,370.4261
2022-10-12,359.6618,370.3945
2022-10-11,359.2355,369.9682
2022-10-07,359.1671,369.9156
2022-10-06,359.1618,369.8629
2022-10-05,359.1618,369.9103
2022-10-04,359.1618,369.9103
2022-10-03,359.1618,369.9103
2022-09-30,359.1618,369.9103
2022-09-29,359.1618,369.9103
2022-09-28,359.1876,369.9371
2022-09-27,359.1876,369.9371
2022-09-26,359.1876,369.9371
2022-09-23,359.1876,369.9235
2022-09-22,359.1876,369.9235
2022-09-21,359.1797,369.9424
2022-09-20,359.1381,369.9003
2022-09-19,359.175,369.9371
2022-09-16,358.9434,369.9135
2022-09-15,358.9306,369.7126
2022-09-14,358.9306,369.7126
2022-09-13,358.788,369.6183
2022-09-12,358.7807,369.6151
2022-09-09,358.5388,369.5017
2022-09-08,358.4178,369.3806
2022-09-07,358.33,369.3395
2022-09-06,358.0556,369.028
2022-09-05,358.0556,369.028
2022-09-02,357.8334,369.0956
2022-09-01,357.5138,368.8612
2022-08-31,357.5571,368.9007
2022-08-30,357.9322,368.899
2022-08-29,357.8093,368.783
2022-08-26,357.8045,369.0166
2022-08-25,357.4017,368.7116
2022-08-24,357.4017,368.7116
2022-08-23,357.4017,368.7116
2022-08-22,357.3779,368.6905
2022-08-19,357.41,368.72
2022-08-18,357.3367,368.7038
2022-08-17,357.3151,368.6827
2022-08-16,357.3756,368.6872
2022-08-15,357.2923,368.6066
2022-08-12,357.2491,368.567
2022-08-10,357.3007,368.6127
2022-08-09,357.2995,368.6127
2022-08-08,357.1491,368.4698
2022-08-05,357.1997,368.5198
2022-08-04,357.2279,368.5416
2022-08-03,357.2223,368.4999
2022-08-02,357.3077,368.5388
2022-08-01,357.2753,368.5064
2022-07-29,357.1697,368.4121
2022-07-28,357.4406,368.4922
2022-07-27,357.4406,368.4922
2022-07-26,357.5189,368.5144
2022-07-25,357.4611,368.5067
2022-07-22,357.9442,368.6321
2022-07-21,358.3145,368.9187
2022-07-20,358.5352,368.9001
2022-07-19,357.8593,368.4926
2022-07-18,357.6061,368.3433
2022-07-15,357.9486,368.5245
2022-07-14,358.1456,368.7594
2022-07-12,356.9558,368.3011
2022-07-11,357.7933,368.3974
2022-07-08,356.8217,367.6651
2022-07-07,356.8065,368.0616
2022-07-06,356.0489,367.3317
2022-07-05,355.9533,367.2998
2022-07-04,356.5951,367.3155
2022-07-01,356.4236,367.2423
2022-06-30,355.7601,367.1246
2022-06-29,355.8173,367.0703
2022-06-28,356.0634,367.2255
2022-06-27,356.2373,367.4039
2022-06-24,356.1255,367.1686
2022-06-23,356.6729,367.3982
2022-06-22,356.4424,367.1121
2022-06-21,357.2826,367.7352
2022-06-20,356.2897,366.838
2022-06-17,355.5141,366.3277
2022-06-16,355.6785,366.4915
2022-06-15,355.7074,366.5065
2022-06-13,355.7263,366.5254
2022-06-10,355.6074,366.5287
2022-06-09,355.8183,366.7956
2022-06-08,355.6855,366.5762
2022-06-07,356.0968,366.2398
2022-06-06,355.2941,365.266
2022-06-03,355.314,365.2861
2022-06-02,355.6119,365.5882
2022-06-01,355.1253,365.0948
2022-05-31,355.7708,365.7493
2022-05-30,355.7708,365.7493
2022-05-27,354.2712,364.2289
2022-05-26,354.728,364.692
2022-05-25,354.4003,364.3597
2022-05-24,354.4003,364.3597
2022-05-23,354.4599,364.4202
2022-05-20,354.4897,364.4504
2022-05-19,354.5691,364.5309
2022-05-18,354.6684,364.6316
2022-05-17,354.7678,364.7323
2022-05-13,355.016,364.984
2022-05-12,364.227,377.4967
2022-05-11,361.727,374.9967
2022-05-09,361.727,374.9967
2022-05-06,361.727,374.9967
2022-05-05,356.8395,369.9991
2022-05-04,350.0597,362.9987
2022-04-29,347.0597,359.9987
2022-04-28,342.1673,354.996
2022-04-27,337.8229,350.4972
2022-04-26,333.8875,346.4956
2022-04-25,330.0,342.4979
2022-04-22,327.5,339.9979
2022-04-21,327.5,339.9979
2022-04-20,327.5,339.9979
2022-04-19,327.5,339.9979
2022-04-18,322.7201,334.9975
2022-04-12,319.205,329.9975
2022-04-11,316.795,327.4999
2022-04-08,310.8802,321.4971
2022-04-07,309.3802,319.9971
2022-04-06,298.1064,308.4951
2022-04-05,293.2305,303.4964
2022-04-04,289.7255,299.9914
2022-04-01,289.2425,299.4908
2022-03-31,288.7475,298.9958
2022-03-30,288.7475,298.9958
2022-03-29,288.7475,298.9958
2022-03-28,288.7475,298.9958
2022-03-25,284.8205,294.9987
2022-03-24,279.9056,289.996
2022-03-23,274.9957,284.9983
2022-03-22,272.0686,282.4956
2022-03-21,264.6677,274.9979
2022-03-18,264.6677,274.9979
2022-03-16,264.6677,274.9979
2022-03-15,259.762,269.9952
2022-03-14,249.9603,259.9999
2022-03-11,249.9603,259.9999
2022-03-10,249.9603,259.9999
2022-03-09,225.2013,229.9987
2022-03-08,225.2013,229.9987
2022-03-07,198.5008,202.9992
2022-03-04,198.5008,202.9992
2022-03-03,198.5008,202.9992
2022-03-02,198.5008,202.9992
2022-02-28,198.5008,202.9992
2022-02-25,198.5008,202.9992
2022-02-24,198.5008,202.9992
2022-02-23,198.5008,202.9992
2022-02-22,198.5008,202.9992
2022-02-21,198.5008,202.9992
2022-02-18,198.5008,202.9992
2022-02-17,198.5008,202.9992
2022-02-15,198.5008,202.9992
2022-02-14,198.5008,202.9992
2022-02-11,198.5008,202.9992
2022-02-10,198.5008,202.9992
2022-02-09,198.5008,202.9992
2022-02-08,198.5008,202.9992
2022-02-07,198.5008,202.9992
2022-02-03,198.5008,202.9992
2022-02-02,198.5008,202.9992
2022-02-01,198.5008,202.9992
2022-01-31,198.5008,202.9992
2022-01-28,198.5008,202.9992
2022-01-27,198.5008,202.9992
2022-01-26,198.5008,202.9992
2022-01-25,198.5008,202.9992
2022-01-24,198.5008,202.9992
2022-01-21,198.5008,202.9992
2022-01-20,198.5008,202.9992
2022-01-19,198.5008,202.9992
2022-01-18,198.5008,202.9992
2022-01-13,198.5008,202.9992
2022-01-12,198.5008,202.9992
2022-01-11,198.5008,202.9992
2022-01-10,198.5008,202.9992
2022-01-07,198.5008,202.9992
2022-01-06,198.5008,202.9992
2022-01-05,198.5008,202.9992
2022-01-04,198.5008,202.9992
2022-01-03,198.5008,202.9992
2021-12-31,198.5008,202.9992
2021-12-30,198.5008,202.9992
2021-12-29,198.5008,202.9992
2021-12-28,198.5008,202.9992
2021-12-27,198.5008,202.9992
2021-12-24,198.5008,202.9992
2021-12-23,198.5008,202.9992
2021-12-22,198.5008,202.9992
2021-12-21,198.5008,202.9992
2021-12-20,198.5008,202.9992
2021-12-17,198.5008,202.9992
2021-12-16,198.5008,202.9992
2021-12-15,198.5008,202.9992
2021-12-14,198.5008,202.9992
2021-12-13,198.5008,202.9992
2021-12-10,198.5008,202.9992
2021-12-09,198.5008,202.9992
2021-12-08,198.5008,202.9992
2021-12-07,198.5008,202.9992
2021-12-06,198.5008,202.9992
2021-12-03,198.5008,202.9992
2021-12-02,198.5008,202.9992
2021-12-01,198.5008,202.9992
2021-11-30,198.5008,202.9992
2021-11-29,198.5008,202.9992
2021-11-26,198.5008,202.9992
2021-11-25,198.5008,202.9992
2021-11-24,198.5008,202.9992
2021-11-23,198.5008,202.9992
2021-11-22,198.5008,202.9992
2021-11-19,198.5008,202.9992
2021-11-17,198.5008,202.9992
2021-11-16,198.5008,202.9992
2021-11-15,198.5008,202.9992
2021-11-12,198.5008,202.9992
2021-11-11,198.5008,202.9992
2021-11-10,198.5008,202.9992
2021-11-09,198.5008,202.9992
2021-11-08,198.5008,202.9992
2021-11-05,198.5008,202.9992
2021-11-03,198.5008,202.9992
2021-11-02,198.5008,202.9992
2021-11-01,198.5008,202.9992
2021-10-29,198.5008,202.9992
2021-10-28,198.5008,202.9992
2021-10-27,198.5008,202.9992
2021-10-26,198.5008,202.9992
2021-10-25,198.5008,202.9992
2021-10-22,198.5008,202.9992
2021-10-21,198.5008,202.9992
2021-10-18,198.5008,202.9992
2021-10-15,198.5008,202.9992
2021-10-14,198.5008,202.9992
2021-10-13,198.5008,202.9992
2021-10-12,198.5008,202.9992
2021-10-11,198.5008,202.9992
2021-10-08,198.5008,202.9992
2021-10-07,198.5008,202.9992
2021-10-06,198.5008,202.9992
2021-10-05,198.5008,202.9992
2021-10-04,198.5008,202.9992
2021-10-01,198.5008,202.9992
2021-09-30,198.5008,202.9992
2021-09-29,198.5008,202.9992
2021-09-28,198.5008,202.9992
2021-09-27,198.5008,202.9992
2021-09-24,198.5008,202.9992
2021-09-23,198.5008,202.9992
2021-09-22,198.5008,202.9992
2021-09-21,198.5008,202.9992
2021-09-17,198.5008,202.9992
2021-09-16,198.5008,202.9992
2021-09-15,198.5008,202.9992
2021-09-14,198.5008,202.9992
2021-09-13,198.5008,202.9992
2021-09-10,198.5008,202.9992
2021-09-09,198.5008,202.9992
2021-09-08,198.5008,202.9992
2021-09-07,198.5008,202.9992
2021-09-06,198.5,203.0
2021-09-03,198.5008,202.9992
2021-09-02,198.5008,202.9992
2021-09-01,198.8649,203.8701
2021-08-31,198.9023,204.8977
2021-08-30,197.9023,202.8977
2021-08-27,198.1023,202.8977
2021-08-26,197.9023,202.8977
2021-08-25,197.9023,202.8977
2021-08-24,197.9023,202.8977
2021-08-23,197.9023,202.8977
2021-08-20,198.1983,202.8977
2021-08-19,197.8983,202.8977
2021-08-18,198.3983,202.8977
2021-08-17,198.1983,202.8977
2021-08-16,198.3983,202.8977
2021-08-13,198.5983,202.8977
2021-08-12,197.6023,202.8977
2021-08-11,198.2983,202.8977
2021-08-10,198.1983,202.8977
2021-08-09,197.8023,202.8977
2021-08-06,198.3183,202.8977
2021-08-05,198.3183,202.8977
2021-08-04,198.0983,202.8977
2021-08-03,198.0983,202.8977
2021-08-02,197.2063,202.8977
2021-07-30,198.3983,202.8977
2021-07-29,197.6023,202.8977
2021-07-28,197.9023,202.8977
2021-07-27,197.8023,202.8977
2021-07-26,197.9023,202.8977
2021-07-22,197.9223,202.8977
2021-07-20,197.9023,202.8977
2021-07-19,197.9023,202.8977
2021-07-16,198.1223,202.8977
2021-07-15,198.1183,202.8977
2021-07-14,197.9023,202.8977
2021-07-13,198.3183,202.8977
2021-07-12,198.2183,202.8977
2021-07-09,197.9023,202.8977
2021-07-08,197.9023,202.8977
2021-07-07,198.1183,202.8977
2021-07-06,197.8023,202.8977
2021-07-05,197.5023,202.8977
2021-07-02,198.2183,202.8977
2021-07-01,197.4023,202.8977
2021-06-30,197.3263,202.8977
2021-06-29,197.3063,202.8977
2021-06-28,197.3063,202.8977
2021-06-25,197.5223,202.8977
2021-06-23,197.9223,202.8977
2021-06-22,198.0303,202.8896
2021-06-21,197.9103,202.8896
2021-06-18,198.0303,202.8896
2021-06-17,198.0303,202.8896
2021-06-16,197.9303,202.8896
2021-06-15,197.9303,202.8896
2021-06-14,198.1103,202.8896
2021-06-11,198.1303,202.8896
2021-06-10,197.9103,202.8896
2021-06-09,197.9103,202.8896
2021-06-08,197.9283,202.8877
2021-06-07,197.8103,202.8896
2021-06-04,198.1303,202.8896
2021-06-03,197.8103,202.8896
2021-06-02,197.9103,202.8896
2021-06-01,198.0283,202.8877
2021-05-31,197.9103,202.8896
2021-05-28,197.9103,202.8896
2021-05-25,198.0303,202.8896
2021-05-24,197.9103,202.8896
2021-05-21,198.2989,202.8796
2021-05-20,198.1789,202.8796
2021-05-19,198.2989,202.8796
2021-05-18,198.2691,202.8494
2021-05-17,197.5023,202.8977
2021-05-13,197.3841,202.282
2021-05-12,197.818,201.948
2021-05-11,197.598,201.948
2021-05-10,197.598,201.948
2021-05-07,197.5503,201.8988
2021-05-06,196.7723,201.8788
2021-05-05,195.0848,199.941
2021-05-04,195.18,199.93
2021-05-03,195.73,199.89
2021-04-30,195.91,199.87
2021-04-29,196.11,199.87
2021-04-28,194.86,199.52
2021-04-27,194.3865,199.4185
2021-04-23,192.5105,198.4895
2021-04-22,193.4075,199.3925
2021-04-21,195.1,200.9
2021-04-20,190.2905,195.2145
2021-04-19,187.93,191.97
2021-04-16,195.72,201.28
2021-04-15,199.808,204.628
2021-04-12,199.15,203.73
2021-04-09,199.04,203.59
2021-04-08,199.21,203.5
2021-04-07,198.56,202.88
2021-04-06,198.0,202.7
2021-04-05,197.25,201.95
2021-04-01,197.0,202.1
2021-03-31,197.62,202.04
2021-03-30,196.83,201.93
2021-03-29,197.28,201.77
2021-03-26,196.72,201.6
2021-03-25,196.41,201.01
2021-03-24,196.9248,201.1935
2021-03-23,196.3948,200.8635
2021-03-22,195.3773,200.0401
2021-03-19,195.28,200.19
2021-03-18,195.3045,201.5005
2021-03-17,197.58,201.75
2021-03-16,195.28,200.06
2021-03-15,194.428,198.964
2021-03-12,194.444,198.874
2021-03-10,194.374,198.662
2021-03-09,194.354,198.682
2021-03-08,194.046,198.576
2021-03-05,194.01,198.34
2021-03-04,193.94,198.27
2021-03-03,193.99,198.32
2021-03-02,192.49,197.32
2021-03-01,192.01,197.05
2021-02-25,192.88,196.62
2021-02-24,192.0,196.4
2021-02-23,191.19,195.93
2021-02-22,193.13,197.53
2021-02-19,193.58,198.58
2021-02-18,193.3913,198.3847
2021-02-17,193.6565,198.9485
2021-02-16,193.2575,197.9775
2021-02-15,192.79,197.03
2021-02-12,191.2395,196.3655
2021-02-11,193.537,198.668
2021-02-10,192.23,197.45
2021-02-09,192.57,196.81
2021-02-08,191.967,196.5069
2021-02-05,191.59,196.03
2021-02-03,192.32,197.62
2021-02-02,190.4,195.5
2021-02-01,188.63,193.17
2021-01-29,189.6615,194.4435
2021-01-27,193.1921,198.2435
2021-01-26,192.4,198.8
2021-01-25,194.19,199.65
2021-01-22,194.3125,199.1875
2021-01-21,193.16,197.68
2021-01-20,192.8513,198.2647
2021-01-19,190.89,196.05
2021-01-18,191.6475,196.0262
2021-01-15,190.77,196.05
2021-01-13,190.33,194.07
2021-01-12,188.49,193.65
2021-01-11,188.05,192.47
2021-01-08,186.28,190.98
2021-01-07,187.1,191.77
2021-01-06,187.54,191.96
2021-01-05,187.6,191.9
2021-01-04,184.82,189.88
2021-01-01,184.98,189.8
2020-12-31,184.12,189.18
2020-12-30,185.2,190.02
2020-12-28,186.7,192.1
2020-12-24,189.08,194.66
2020-12-23,188.01,193.05
2020-12-22,186.8,191.2
2020-12-21,185.95,190.37
2020-12-18,185.41,190.13
2020-12-17,186.13,190.53
2020-12-16,185.23,189.83
2020-12-15,185.1,189.52
2020-12-14,184.57,188.97
2020-12-11,183.72,188.14
2020-12-10,183.64,188.06
2020-12-09,184.14,188.54
2020-12-08,184.1,188.52
2020-12-07,183.77,188.19
2020-12-04,183.9,188.3
2020-12-03,184.26,188.66
2020-12-02,183.79,187.99
2020-12-01,183.66,187.88
2020-11-30,183.33,187.55
2020-11-27,183.02,187.24
2020-11-26,183.58,187.78
2020-11-25,183.54,187.76
2020-11-24,183.17,187.39
2020-11-23,183.33,187.53
2020-11-20,182.91,187.11
2020-11-19,182.51,186.83
2020-11-18,183.0,187.32
2020-11-17,183.01,187.31
2020-11-16,182.5,186.8
2020-11-13,182.4,186.7
2020-11-12,182.4,186.7
2020-11-11,182.35,186.65
2020-11-10,182.34,186.66
2020-11-09,182.32,186.64
2020-11-06,182.33,186.63
2020-11-05,182.25,186.57
2020-11-04,182.25,186.55
2020-11-03,182.29,186.61
2020-11-02,182.12,186.44
2020-10-29,182.13,186.45
2020-10-28,182.14,186.46
2020-10-27,182.16,186.46
2020-10-26,182.1,186.4
2020-10-23,182.19,186.49
2020-10-22,182.14,186.44
2020-10-21,182.34,186.66
2020-10-20,182.16,186.48
2020-10-19,182.1,186.42
2020-10-16,182.38,186.7
2020-10-15,182.58,186.88
2020-10-14,182.14,186.46
2020-10-13,182.03,186.35
2020-10-12,182.03,186.35
2020-10-09,182.02,186.34
2020-10-08,182.17,186.49
2020-10-07,182.43,186.75
2020-10-06,182.51,186.81
2020-10-05,182.43,186.75
2020-10-02,182.89,187.21
2020-09-30,183.0,187.32
2020-09-29,183.18,187.5
2020-09-28,183.08,187.4
2020-09-25,182.94,187.3
2020-09-24,182.83,187.13
